<?xml version="1.0" encoding="UTF-8"?>
<export version="D">
  <design>
    <source>/home/andreas/Downloads/kicad/PSwitch3/PSwitch.sch</source>
    <date>Di 16 Jul 2019 21:31:19 CEST</date>
    <tool>Eeschema 4.0.2+dfsg1-stable</tool>
    <sheet number="1" name="/" tstamps="/">
      <title_block>
        <title/>
        <company/>
        <rev/>
        <date>4 nov 2015</date>
        <source>PSwitch.sch</source>
        <comment number="1" value=""/>
        <comment number="2" value=""/>
        <comment number="3" value=""/>
        <comment number="4" value=""/>
      </title_block>
    </sheet>
  </design>
  <components>
    <comp ref="R1">
      <value>1k1</value>
      <footprint>SM0805</footprint>
      <libsource lib="device" part="R"/>
      <sheetpath names="/" tstamps="/"/>
      <tstamp>5623CE88</tstamp>
    </comp>
    <comp ref="C2">
      <value>100n</value>
      <footprint>c_0805</footprint>
      <libsource lib="device" part="C"/>
      <sheetpath names="/" tstamps="/"/>
      <tstamp>5D2A1A6F</tstamp>
    </comp>
    <comp ref="D2">
      <value>5V1</value>
      <libsource lib="device" part="ZENERsmall"/>
      <sheetpath names="/" tstamps="/"/>
      <tstamp>5D2A2085</tstamp>
    </comp>
    <comp ref="R4">
      <value>R</value>
      <footprint>SM0805</footprint>
      <libsource lib="device" part="R"/>
      <sheetpath names="/" tstamps="/"/>
      <tstamp>5D2A2D18</tstamp>
    </comp>
    <comp ref="C4">
      <value>10n</value>
      <footprint>c_0805</footprint>
      <libsource lib="device" part="C"/>
      <sheetpath names="/" tstamps="/"/>
      <tstamp>5D2A2E2C</tstamp>
    </comp>
    <comp ref="P4">
      <value>CON1</value>
      <libsource lib="conn" part="CONN_01X01"/>
      <sheetpath names="/" tstamps="/"/>
      <tstamp>5D2A34B9</tstamp>
    </comp>
    <comp ref="P5">
      <value>CON1</value>
      <libsource lib="conn" part="CONN_01X01"/>
      <sheetpath names="/" tstamps="/"/>
      <tstamp>5D2A361F</tstamp>
    </comp>
    <comp ref="P6">
      <value>CON1</value>
      <libsource lib="conn" part="CONN_01X01"/>
      <sheetpath names="/" tstamps="/"/>
      <tstamp>5D2A504C</tstamp>
    </comp>
    <comp ref="P9">
      <value>CON1</value>
      <libsource lib="conn" part="CONN_01X01"/>
      <sheetpath names="/" tstamps="/"/>
      <tstamp>5D2AC3F0</tstamp>
    </comp>
    <comp ref="Q1">
      <value>2SC1815</value>
      <libsource lib="device" part="Q_NPN_ECB"/>
      <sheetpath names="/" tstamps="/"/>
      <tstamp>5D2C756F</tstamp>
    </comp>
    <comp ref="Q2">
      <value>2SC1815</value>
      <libsource lib="device" part="Q_NPN_ECB"/>
      <sheetpath names="/" tstamps="/"/>
      <tstamp>5D2C76C6</tstamp>
    </comp>
    <comp ref="R8">
      <value>R</value>
      <footprint>SM0805</footprint>
      <libsource lib="device" part="R"/>
      <sheetpath names="/" tstamps="/"/>
      <tstamp>5D2C8309</tstamp>
    </comp>
    <comp ref="D5">
      <value>12v</value>
      <libsource lib="device" part="ZENERsmall"/>
      <sheetpath names="/" tstamps="/"/>
      <tstamp>5D2C8E52</tstamp>
    </comp>
    <comp ref="C1">
      <value>10u/100V</value>
      <footprint>c_0805</footprint>
      <libsource lib="device" part="C"/>
      <sheetpath names="/" tstamps="/"/>
      <tstamp>5D2CA0F9</tstamp>
    </comp>
    <comp ref="T2">
      <value>BT149G</value>
      <libsource lib="device" part="THYRISTOR"/>
      <sheetpath names="/" tstamps="/"/>
      <tstamp>5D2CA8AA</tstamp>
    </comp>
    <comp ref="T4">
      <value>BT149G</value>
      <libsource lib="device" part="THYRISTOR"/>
      <sheetpath names="/" tstamps="/"/>
      <tstamp>5D2CB494</tstamp>
    </comp>
    <comp ref="T3">
      <value>BT149G</value>
      <libsource lib="device" part="THYRISTOR"/>
      <sheetpath names="/" tstamps="/"/>
      <tstamp>5D2CB630</tstamp>
    </comp>
    <comp ref="D7">
      <value>LED</value>
      <libsource lib="device" part="LED"/>
      <sheetpath names="/" tstamps="/"/>
      <tstamp>5D2CC172</tstamp>
    </comp>
    <comp ref="D9">
      <value>LED</value>
      <libsource lib="device" part="LED"/>
      <sheetpath names="/" tstamps="/"/>
      <tstamp>5D2CC21C</tstamp>
    </comp>
    <comp ref="D10">
      <value>LED</value>
      <libsource lib="device" part="LED"/>
      <sheetpath names="/" tstamps="/"/>
      <tstamp>5D2CC28E</tstamp>
    </comp>
    <comp ref="R3">
      <value>200</value>
      <footprint>SM0805</footprint>
      <libsource lib="device" part="R"/>
      <sheetpath names="/" tstamps="/"/>
      <tstamp>5D2CC676</tstamp>
    </comp>
    <comp ref="R6">
      <value>200</value>
      <footprint>SM0805</footprint>
      <libsource lib="device" part="R"/>
      <sheetpath names="/" tstamps="/"/>
      <tstamp>5D2CC760</tstamp>
    </comp>
    <comp ref="R7">
      <value>200</value>
      <footprint>SM0805</footprint>
      <libsource lib="device" part="R"/>
      <sheetpath names="/" tstamps="/"/>
      <tstamp>5D2CC7E1</tstamp>
    </comp>
    <comp ref="R9">
      <value>1k</value>
      <footprint>SM0805</footprint>
      <libsource lib="device" part="R"/>
      <sheetpath names="/" tstamps="/"/>
      <tstamp>5D2CD22D</tstamp>
    </comp>
    <comp ref="C6">
      <value>10n</value>
      <footprint>c_0805</footprint>
      <libsource lib="device" part="C"/>
      <sheetpath names="/" tstamps="/"/>
      <tstamp>5D2CD2B4</tstamp>
    </comp>
    <comp ref="C5">
      <value>100n</value>
      <footprint>c_0805</footprint>
      <libsource lib="device" part="C"/>
      <sheetpath names="/" tstamps="/"/>
      <tstamp>5D2CF94D</tstamp>
    </comp>
    <comp ref="C3">
      <value>10n</value>
      <footprint>c_0805</footprint>
      <libsource lib="device" part="C"/>
      <sheetpath names="/" tstamps="/"/>
      <tstamp>5D2CFC0E</tstamp>
    </comp>
    <comp ref="U1">
      <value>BTS660P</value>
      <libsource lib="MyLib" part="BTS660P"/>
      <sheetpath names="/" tstamps="/"/>
      <tstamp>5D2D067B</tstamp>
    </comp>
    <comp ref="D8">
      <value>8V2</value>
      <libsource lib="device" part="ZENERsmall"/>
      <sheetpath names="/" tstamps="/"/>
      <tstamp>5D2D1065</tstamp>
    </comp>
    <comp ref="R5">
      <value>470</value>
      <footprint>SM0805</footprint>
      <libsource lib="device" part="R"/>
      <sheetpath names="/" tstamps="/"/>
      <tstamp>5D2D110E</tstamp>
    </comp>
    <comp ref="R10">
      <value>1k</value>
      <footprint>SM0805</footprint>
      <libsource lib="device" part="R"/>
      <sheetpath names="/" tstamps="/"/>
      <tstamp>5D2AC4C3</tstamp>
    </comp>
    <comp ref="D1">
      <value>1N4148</value>
      <libsource lib="device" part="D_Small"/>
      <sheetpath names="/" tstamps="/"/>
      <tstamp>5D2D4946</tstamp>
    </comp>
    <comp ref="T1">
      <value>BT149G</value>
      <libsource lib="device" part="THYRISTOR"/>
      <sheetpath names="/" tstamps="/"/>
      <tstamp>5D2D58CE</tstamp>
    </comp>
    <comp ref="D6">
      <value>LED</value>
      <libsource lib="device" part="LED"/>
      <sheetpath names="/" tstamps="/"/>
      <tstamp>5D2D5979</tstamp>
    </comp>
    <comp ref="R2">
      <value>200</value>
      <footprint>SM0805</footprint>
      <libsource lib="device" part="R"/>
      <sheetpath names="/" tstamps="/"/>
      <tstamp>5D2D5A21</tstamp>
    </comp>
    <comp ref="P7">
      <value>CON1</value>
      <libsource lib="conn" part="CONN_01X01"/>
      <sheetpath names="/" tstamps="/"/>
      <tstamp>5D2D9B64</tstamp>
    </comp>
    <comp ref="P8">
      <value>CON1</value>
      <libsource lib="conn" part="CONN_01X01"/>
      <sheetpath names="/" tstamps="/"/>
      <tstamp>5D2DA2A7</tstamp>
    </comp>
    <comp ref="U2">
      <value>LM339</value>
      <libsource lib="linear" part="LM339"/>
      <sheetpath names="/" tstamps="/"/>
      <tstamp>5D2D73DF</tstamp>
    </comp>
    <comp ref="R27">
      <value>2k2</value>
      <footprint>SM0805</footprint>
      <libsource lib="device" part="R"/>
      <sheetpath names="/" tstamps="/"/>
      <tstamp>5D2D8119</tstamp>
    </comp>
    <comp ref="R22">
      <value>47k</value>
      <footprint>SM0805</footprint>
      <libsource lib="device" part="R"/>
      <sheetpath names="/" tstamps="/"/>
      <tstamp>5D2D8242</tstamp>
    </comp>
    <comp ref="R16">
      <value>2k2</value>
      <footprint>SM0805</footprint>
      <libsource lib="device" part="R"/>
      <sheetpath names="/" tstamps="/"/>
      <tstamp>5D2D83A1</tstamp>
    </comp>
    <comp ref="RV2">
      <value>1k</value>
      <libsource lib="device" part="POT"/>
      <sheetpath names="/" tstamps="/"/>
      <tstamp>5D2D95F4</tstamp>
    </comp>
    <comp ref="C12">
      <value>10n</value>
      <footprint>c_0805</footprint>
      <libsource lib="device" part="C"/>
      <sheetpath names="/" tstamps="/"/>
      <tstamp>5D2D98D3</tstamp>
    </comp>
    <comp ref="R17">
      <value>1k</value>
      <footprint>SM0805</footprint>
      <libsource lib="device" part="R"/>
      <sheetpath names="/" tstamps="/"/>
      <tstamp>5D2DB06F</tstamp>
    </comp>
    <comp ref="R18">
      <value>1k</value>
      <footprint>SM0805</footprint>
      <libsource lib="device" part="R"/>
      <sheetpath names="/" tstamps="/"/>
      <tstamp>5D2DB1C3</tstamp>
    </comp>
    <comp ref="C10">
      <value>10n</value>
      <footprint>c_0805</footprint>
      <libsource lib="device" part="C"/>
      <sheetpath names="/" tstamps="/"/>
      <tstamp>5D2DBB87</tstamp>
    </comp>
    <comp ref="P10">
      <value>CON1</value>
      <libsource lib="conn" part="CONN_01X01"/>
      <sheetpath names="/" tstamps="/"/>
      <tstamp>5D2DC912</tstamp>
    </comp>
    <comp ref="P11">
      <value>CON1</value>
      <libsource lib="conn" part="CONN_01X01"/>
      <sheetpath names="/" tstamps="/"/>
      <tstamp>5D2DCED8</tstamp>
    </comp>
    <comp ref="RV1">
      <value>10k</value>
      <libsource lib="device" part="POT"/>
      <sheetpath names="/" tstamps="/"/>
      <tstamp>5D2DE575</tstamp>
    </comp>
    <comp ref="C9">
      <value>10n</value>
      <footprint>c_0805</footprint>
      <libsource lib="device" part="C"/>
      <sheetpath names="/" tstamps="/"/>
      <tstamp>5D2DEA67</tstamp>
    </comp>
    <comp ref="RV3">
      <value>POT</value>
      <libsource lib="device" part="POT"/>
      <sheetpath names="/" tstamps="/"/>
      <tstamp>5D2D9B1B</tstamp>
    </comp>
    <comp ref="R28">
      <value>2k2</value>
      <footprint>SM0805</footprint>
      <libsource lib="device" part="R"/>
      <sheetpath names="/" tstamps="/"/>
      <tstamp>5D2E3CBD</tstamp>
    </comp>
    <comp ref="C11">
      <value>10n</value>
      <footprint>c_0805</footprint>
      <libsource lib="device" part="C"/>
      <sheetpath names="/" tstamps="/"/>
      <tstamp>5D2EB3E7</tstamp>
    </comp>
    <comp ref="C13">
      <value>10n</value>
      <footprint>c_0805</footprint>
      <libsource lib="device" part="C"/>
      <sheetpath names="/" tstamps="/"/>
      <tstamp>5D2EB4EF</tstamp>
    </comp>
    <comp ref="R20">
      <value>47k</value>
      <footprint>SM0805</footprint>
      <libsource lib="device" part="R"/>
      <sheetpath names="/" tstamps="/"/>
      <tstamp>5D2EED6F</tstamp>
    </comp>
    <comp ref="R24">
      <value>47k</value>
      <footprint>SM0805</footprint>
      <libsource lib="device" part="R"/>
      <sheetpath names="/" tstamps="/"/>
      <tstamp>5D2EEE4C</tstamp>
    </comp>
    <comp ref="R23">
      <value>47k</value>
      <footprint>SM0805</footprint>
      <libsource lib="device" part="R"/>
      <sheetpath names="/" tstamps="/"/>
      <tstamp>5D2EEF52</tstamp>
    </comp>
    <comp ref="R21">
      <value>47k</value>
      <footprint>SM0805</footprint>
      <libsource lib="device" part="R"/>
      <sheetpath names="/" tstamps="/"/>
      <tstamp>5D2EFE0C</tstamp>
    </comp>
    <comp ref="R15">
      <value>2k2</value>
      <footprint>SM0805</footprint>
      <libsource lib="device" part="R"/>
      <sheetpath names="/" tstamps="/"/>
      <tstamp>5D2F20B5</tstamp>
    </comp>
    <comp ref="C7">
      <value>10n</value>
      <footprint>c_0805</footprint>
      <libsource lib="device" part="C"/>
      <sheetpath names="/" tstamps="/"/>
      <tstamp>5D2F20C0</tstamp>
    </comp>
    <comp ref="C8">
      <value>10n</value>
      <footprint>c_0805</footprint>
      <libsource lib="device" part="C"/>
      <sheetpath names="/" tstamps="/"/>
      <tstamp>5D2F20C6</tstamp>
    </comp>
    <comp ref="R11">
      <value>47k</value>
      <footprint>SM0805</footprint>
      <libsource lib="device" part="R"/>
      <sheetpath names="/" tstamps="/"/>
      <tstamp>5D2F20D5</tstamp>
    </comp>
    <comp ref="R14">
      <value>47k</value>
      <footprint>SM0805</footprint>
      <libsource lib="device" part="R"/>
      <sheetpath names="/" tstamps="/"/>
      <tstamp>5D2F20DB</tstamp>
    </comp>
    <comp ref="R13">
      <value>47k</value>
      <footprint>SM0805</footprint>
      <libsource lib="device" part="R"/>
      <sheetpath names="/" tstamps="/"/>
      <tstamp>5D2F20E1</tstamp>
    </comp>
    <comp ref="R12">
      <value>47k</value>
      <footprint>SM0805</footprint>
      <libsource lib="device" part="R"/>
      <sheetpath names="/" tstamps="/"/>
      <tstamp>5D2F20EE</tstamp>
    </comp>
    <comp ref="D11">
      <value>1N4148</value>
      <libsource lib="device" part="D_Small"/>
      <sheetpath names="/" tstamps="/"/>
      <tstamp>5D2FC503</tstamp>
    </comp>
    <comp ref="T5">
      <value>BT149G</value>
      <libsource lib="device" part="THYRISTOR"/>
      <sheetpath names="/" tstamps="/"/>
      <tstamp>5D2FF4E2</tstamp>
    </comp>
    <comp ref="D4">
      <value>LED</value>
      <libsource lib="device" part="LED"/>
      <sheetpath names="/" tstamps="/"/>
      <tstamp>5D2FF4E8</tstamp>
    </comp>
    <comp ref="R19">
      <value>200</value>
      <footprint>SM0805</footprint>
      <libsource lib="device" part="R"/>
      <sheetpath names="/" tstamps="/"/>
      <tstamp>5D2FF4EE</tstamp>
    </comp>
    <comp ref="D3">
      <value>1N4148</value>
      <libsource lib="device" part="D_Small"/>
      <sheetpath names="/" tstamps="/"/>
      <tstamp>5D301434</tstamp>
    </comp>
    <comp ref="P1">
      <value>CON1</value>
      <libsource lib="conn" part="CONN_01X01"/>
      <sheetpath names="/" tstamps="/"/>
      <tstamp>5D3077E5</tstamp>
    </comp>
    <comp ref="P2">
      <value>CON1</value>
      <libsource lib="conn" part="CONN_01X01"/>
      <sheetpath names="/" tstamps="/"/>
      <tstamp>5D307940</tstamp>
    </comp>
    <comp ref="P3">
      <value>CON1</value>
      <libsource lib="conn" part="CONN_01X01"/>
      <sheetpath names="/" tstamps="/"/>
      <tstamp>5D308D40</tstamp>
    </comp>
    <comp ref="R31">
      <value>2k2</value>
      <footprint>SM0805</footprint>
      <libsource lib="device" part="R"/>
      <sheetpath names="/" tstamps="/"/>
      <tstamp>5D30C849</tstamp>
    </comp>
    <comp ref="C14">
      <value>10n</value>
      <footprint>c_0805</footprint>
      <libsource lib="device" part="C"/>
      <sheetpath names="/" tstamps="/"/>
      <tstamp>5D30C853</tstamp>
    </comp>
    <comp ref="C15">
      <value>10n</value>
      <footprint>c_0805</footprint>
      <libsource lib="device" part="C"/>
      <sheetpath names="/" tstamps="/"/>
      <tstamp>5D30C859</tstamp>
    </comp>
    <comp ref="R25">
      <value>47k</value>
      <footprint>SM0805</footprint>
      <libsource lib="device" part="R"/>
      <sheetpath names="/" tstamps="/"/>
      <tstamp>5D30C867</tstamp>
    </comp>
    <comp ref="R30">
      <value>47k</value>
      <footprint>SM0805</footprint>
      <libsource lib="device" part="R"/>
      <sheetpath names="/" tstamps="/"/>
      <tstamp>5D30C86D</tstamp>
    </comp>
    <comp ref="R29">
      <value>47k</value>
      <footprint>SM0805</footprint>
      <libsource lib="device" part="R"/>
      <sheetpath names="/" tstamps="/"/>
      <tstamp>5D30C873</tstamp>
    </comp>
    <comp ref="R26">
      <value>47k</value>
      <footprint>SM0805</footprint>
      <libsource lib="device" part="R"/>
      <sheetpath names="/" tstamps="/"/>
      <tstamp>5D30C880</tstamp>
    </comp>
    <comp ref="T6">
      <value>BT149G</value>
      <libsource lib="device" part="THYRISTOR"/>
      <sheetpath names="/" tstamps="/"/>
      <tstamp>5D30C88E</tstamp>
    </comp>
    <comp ref="D13">
      <value>LED</value>
      <libsource lib="device" part="LED"/>
      <sheetpath names="/" tstamps="/"/>
      <tstamp>5D30C894</tstamp>
    </comp>
    <comp ref="R32">
      <value>200</value>
      <footprint>SM0805</footprint>
      <libsource lib="device" part="R"/>
      <sheetpath names="/" tstamps="/"/>
      <tstamp>5D30C89A</tstamp>
    </comp>
    <comp ref="D12">
      <value>1N4148</value>
      <libsource lib="device" part="D_Small"/>
      <sheetpath names="/" tstamps="/"/>
      <tstamp>5D30C8A8</tstamp>
    </comp>
    <comp ref="P15">
      <value>CON1</value>
      <libsource lib="conn" part="CONN_01X01"/>
      <sheetpath names="/" tstamps="/"/>
      <tstamp>5D30C8B4</tstamp>
    </comp>
    <comp ref="P16">
      <value>CON1</value>
      <libsource lib="conn" part="CONN_01X01"/>
      <sheetpath names="/" tstamps="/"/>
      <tstamp>5D30C8BA</tstamp>
    </comp>
    <comp ref="P17">
      <value>CON1</value>
      <libsource lib="conn" part="CONN_01X01"/>
      <sheetpath names="/" tstamps="/"/>
      <tstamp>5D30C8C0</tstamp>
    </comp>
    <comp ref="P14">
      <value>CON1</value>
      <libsource lib="conn" part="CONN_01X01"/>
      <sheetpath names="/" tstamps="/"/>
      <tstamp>5D3120A6</tstamp>
    </comp>
    <comp ref="P13">
      <value>CON1</value>
      <libsource lib="conn" part="CONN_01X01"/>
      <sheetpath names="/" tstamps="/"/>
      <tstamp>5D3121D3</tstamp>
    </comp>
    <comp ref="P12">
      <value>CON1</value>
      <libsource lib="conn" part="CONN_01X01"/>
      <sheetpath names="/" tstamps="/"/>
      <tstamp>5D312307</tstamp>
    </comp>
  </components>
  <libparts>
    <libpart lib="MyLib" part="BTS660P">
      <fields>
        <field name="Reference">U</field>
        <field name="Value">BTS660P</field>
      </fields>
      <pins>
        <pin num="1" name="out" type="openEm"/>
        <pin num="2" name="out" type="openEm"/>
        <pin num="3" name="in" type="input"/>
        <pin num="4" name="vbb" type="power_in"/>
        <pin num="5" name="is" type="output"/>
        <pin num="6" name="out" type="openEm"/>
        <pin num="7" name="out" type="openEm"/>
        <pin num="8" name="vbb" type="power_in"/>
      </pins>
    </libpart>
    <libpart lib="device" part="C">
      <description>Unpolarized capacitor</description>
      <footprints>
        <fp>C?</fp>
        <fp>C_????_*</fp>
        <fp>C_????</fp>
        <fp>SMD*_c</fp>
        <fp>Capacitor*</fp>
      </footprints>
      <fields>
        <field name="Reference">C</field>
        <field name="Value">C</field>
      </fields>
      <pins>
        <pin num="1" name="~" type="passive"/>
        <pin num="2" name="~" type="passive"/>
      </pins>
    </libpart>
    <libpart lib="conn" part="CONN_01X01">
      <description>Connector 01x01</description>
      <footprints>
        <fp>Pin_Header_Straight_1X01</fp>
        <fp>Pin_Header_Angled_1X01</fp>
        <fp>Socket_Strip_Straight_1X01</fp>
        <fp>Socket_Strip_Angled_1X01</fp>
      </footprints>
      <fields>
        <field name="Reference">P</field>
        <field name="Value">CONN_01X01</field>
      </fields>
      <pins>
        <pin num="1" name="P1" type="passive"/>
      </pins>
    </libpart>
    <libpart lib="device" part="D_Small">
      <description>Diode</description>
      <footprints>
        <fp>Diode_*</fp>
        <fp>D-Pak_TO252AA</fp>
        <fp>*SingleDiode</fp>
        <fp>*SingleDiode*</fp>
        <fp>*_Diode_*</fp>
      </footprints>
      <fields>
        <field name="Reference">D</field>
        <field name="Value">D_Small</field>
      </fields>
      <pins>
        <pin num="1" name="K" type="passive"/>
        <pin num="2" name="A" type="passive"/>
      </pins>
    </libpart>
    <libpart lib="device" part="LED">
      <footprints>
        <fp>LED-3MM</fp>
        <fp>LED-5MM</fp>
        <fp>LED-10MM</fp>
        <fp>LED-0603</fp>
        <fp>LED-0805</fp>
        <fp>LED-1206</fp>
        <fp>LEDV</fp>
      </footprints>
      <fields>
        <field name="Reference">D</field>
        <field name="Value">LED</field>
      </fields>
      <pins>
        <pin num="1" name="K" type="passive"/>
        <pin num="2" name="A" type="passive"/>
      </pins>
    </libpart>
    <libpart lib="linear" part="LM339">
      <description>Quad comparator.</description>
      <docs>op_amps/lm139.pdf</docs>
      <fields>
        <field name="Reference">U</field>
        <field name="Value">LM339</field>
      </fields>
      <pins>
        <pin num="1" name="~" type="openCol"/>
        <pin num="2" name="~" type="openCol"/>
        <pin num="3" name="V+" type="power_in"/>
        <pin num="4" name="-" type="input"/>
        <pin num="5" name="+" type="input"/>
        <pin num="6" name="-" type="input"/>
        <pin num="7" name="+" type="input"/>
        <pin num="8" name="-" type="input"/>
        <pin num="9" name="+" type="input"/>
        <pin num="10" name="-" type="input"/>
        <pin num="11" name="+" type="input"/>
        <pin num="12" name="V-" type="power_in"/>
        <pin num="13" name="~" type="openCol"/>
        <pin num="14" name="~" type="openCol"/>
      </pins>
    </libpart>
    <libpart lib="device" part="POT">
      <description>Potentionmetre</description>
      <fields>
        <field name="Reference">RV</field>
        <field name="Value">POT</field>
      </fields>
      <pins>
        <pin num="1" name="1" type="passive"/>
        <pin num="2" name="2" type="passive"/>
        <pin num="3" name="3" type="passive"/>
      </pins>
    </libpart>
    <libpart lib="device" part="Q_NPN_ECB">
      <description>Transistor NPN (general)</description>
      <fields>
        <field name="Reference">Q</field>
        <field name="Value">Q_NPN_ECB</field>
      </fields>
      <pins>
        <pin num="1" name="E" type="passive"/>
        <pin num="2" name="C" type="passive"/>
        <pin num="3" name="B" type="passive"/>
      </pins>
    </libpart>
    <libpart lib="device" part="R">
      <description>Resistor</description>
      <footprints>
        <fp>R_*</fp>
        <fp>Resistor_*</fp>
      </footprints>
      <fields>
        <field name="Reference">R</field>
        <field name="Value">R</field>
      </fields>
      <pins>
        <pin num="1" name="~" type="passive"/>
        <pin num="2" name="~" type="passive"/>
      </pins>
    </libpart>
    <libpart lib="device" part="THYRISTOR">
      <description>Diode simple</description>
      <fields>
        <field name="Reference">T</field>
        <field name="Value">THYRISTOR</field>
      </fields>
      <pins>
        <pin num="A" name="A" type="passive"/>
        <pin num="G" name="G" type="passive"/>
        <pin num="K" name="K" type="passive"/>
      </pins>
    </libpart>
    <libpart lib="device" part="ZENERsmall">
      <footprints>
        <fp>D?</fp>
        <fp>SO*</fp>
        <fp>SM*</fp>
      </footprints>
      <fields>
        <field name="Reference">D</field>
        <field name="Value">ZENERsmall</field>
      </fields>
      <pins>
        <pin num="1" name="K" type="passive"/>
        <pin num="2" name="A" type="passive"/>
      </pins>
    </libpart>
  </libparts>
  <libraries>
    <library logical="MyLib">
      <uri>/home/andreas/Downloads/kicad/MyLib/MyLib.lib</uri>
    </library>
    <library logical="linear">
      <uri>/usr/share/kicad/library/linear.lib</uri>
    </library>
    <library logical="device">
      <uri>/usr/share/kicad/library/device.lib</uri>
    </library>
    <library logical="conn">
      <uri>/usr/share/kicad/library/conn.lib</uri>
    </library>
  </libraries>
  <nets>
    <net code="1" name="Net-(D3-Pad2)">
      <node ref="D3" pin="2"/>
      <node ref="R15" pin="2"/>
      <node ref="U2" pin="2"/>
    </net>
    <net code="2" name="Net-(D11-Pad1)">
      <node ref="T1" pin="G"/>
      <node ref="D11" pin="1"/>
    </net>
    <net code="3" name="Net-(D11-Pad2)">
      <node ref="U2" pin="13"/>
      <node ref="R28" pin="2"/>
      <node ref="D11" pin="2"/>
    </net>
    <net code="4" name="+12V">
      <node ref="R31" pin="1"/>
      <node ref="R27" pin="1"/>
      <node ref="R22" pin="1"/>
      <node ref="R11" pin="1"/>
      <node ref="R13" pin="1"/>
      <node ref="P1" pin="1"/>
      <node ref="R25" pin="1"/>
      <node ref="R20" pin="1"/>
      <node ref="R28" pin="1"/>
      <node ref="R23" pin="1"/>
      <node ref="C1" pin="2"/>
      <node ref="D5" pin="1"/>
      <node ref="R29" pin="1"/>
      <node ref="Q2" pin="2"/>
      <node ref="C2" pin="2"/>
      <node ref="R5" pin="1"/>
      <node ref="U2" pin="3"/>
      <node ref="R1" pin="1"/>
      <node ref="P15" pin="1"/>
      <node ref="R15" pin="1"/>
      <node ref="P12" pin="1"/>
    </net>
    <net code="5" name="Net-(P9-Pad1)">
      <node ref="R10" pin="1"/>
      <node ref="P9" pin="1"/>
    </net>
    <net code="6" name="Net-(P10-Pad1)">
      <node ref="P10" pin="1"/>
      <node ref="R16" pin="1"/>
    </net>
    <net code="7" name="Net-(P11-Pad1)">
      <node ref="P11" pin="1"/>
      <node ref="R17" pin="1"/>
    </net>
    <net code="8" name="Net-(R23-Pad2)">
      <node ref="R23" pin="2"/>
      <node ref="R24" pin="1"/>
      <node ref="U2" pin="11"/>
    </net>
    <net code="9" name="Net-(C11-Pad2)">
      <node ref="U2" pin="10"/>
      <node ref="R20" pin="2"/>
      <node ref="C13" pin="2"/>
      <node ref="C11" pin="2"/>
      <node ref="P13" pin="1"/>
      <node ref="R21" pin="1"/>
    </net>
    <net code="10" name="Net-(D4-Pad2)">
      <node ref="R19" pin="1"/>
      <node ref="D4" pin="2"/>
      <node ref="T5" pin="K"/>
    </net>
    <net code="11" name="Net-(D13-Pad2)">
      <node ref="R32" pin="1"/>
      <node ref="D13" pin="2"/>
      <node ref="T6" pin="K"/>
    </net>
    <net code="12" name="Net-(D12-Pad1)">
      <node ref="T6" pin="G"/>
      <node ref="D12" pin="1"/>
    </net>
    <net code="13" name="Net-(C7-Pad2)">
      <node ref="R11" pin="2"/>
      <node ref="C7" pin="2"/>
      <node ref="R12" pin="1"/>
      <node ref="P2" pin="1"/>
      <node ref="U2" pin="4"/>
    </net>
    <net code="14" name="Net-(C8-Pad2)">
      <node ref="U2" pin="5"/>
      <node ref="C8" pin="2"/>
      <node ref="R13" pin="2"/>
      <node ref="R14" pin="1"/>
    </net>
    <net code="15" name="Off">
      <node ref="T4" pin="A"/>
      <node ref="T3" pin="A"/>
      <node ref="T2" pin="A"/>
      <node ref="T1" pin="A"/>
      <node ref="T5" pin="A"/>
      <node ref="D8" pin="1"/>
      <node ref="R5" pin="2"/>
      <node ref="T6" pin="A"/>
    </net>
    <net code="16" name="Net-(C14-Pad2)">
      <node ref="U2" pin="8"/>
      <node ref="C14" pin="2"/>
      <node ref="R25" pin="2"/>
      <node ref="R26" pin="1"/>
      <node ref="P16" pin="1"/>
    </net>
    <net code="17" name="Net-(D12-Pad2)">
      <node ref="U2" pin="14"/>
      <node ref="R31" pin="2"/>
      <node ref="D12" pin="2"/>
    </net>
    <net code="18" name="GND">
      <node ref="RV2" pin="3"/>
      <node ref="Q1" pin="1"/>
      <node ref="C12" pin="1"/>
      <node ref="D5" pin="2"/>
      <node ref="R9" pin="1"/>
      <node ref="C3" pin="1"/>
      <node ref="C5" pin="1"/>
      <node ref="C6" pin="2"/>
      <node ref="D7" pin="1"/>
      <node ref="D9" pin="1"/>
      <node ref="D10" pin="1"/>
      <node ref="R7" pin="2"/>
      <node ref="R6" pin="2"/>
      <node ref="C4" pin="1"/>
      <node ref="R3" pin="2"/>
      <node ref="C10" pin="1"/>
      <node ref="P6" pin="1"/>
      <node ref="C1" pin="1"/>
      <node ref="R18" pin="2"/>
      <node ref="R4" pin="2"/>
      <node ref="D2" pin="2"/>
      <node ref="C2" pin="1"/>
      <node ref="P14" pin="1"/>
      <node ref="D13" pin="1"/>
      <node ref="R32" pin="2"/>
      <node ref="P17" pin="1"/>
      <node ref="P3" pin="1"/>
      <node ref="C11" pin="1"/>
      <node ref="R12" pin="2"/>
      <node ref="D4" pin="1"/>
      <node ref="R21" pin="2"/>
      <node ref="C8" pin="1"/>
      <node ref="C7" pin="1"/>
      <node ref="C9" pin="1"/>
      <node ref="C13" pin="1"/>
      <node ref="R24" pin="2"/>
      <node ref="RV1" pin="3"/>
      <node ref="P8" pin="1"/>
      <node ref="RV3" pin="3"/>
      <node ref="R14" pin="2"/>
      <node ref="D6" pin="1"/>
      <node ref="C14" pin="1"/>
      <node ref="C15" pin="1"/>
      <node ref="R30" pin="2"/>
      <node ref="P7" pin="1"/>
      <node ref="U2" pin="12"/>
      <node ref="R2" pin="2"/>
      <node ref="R26" pin="2"/>
      <node ref="R19" pin="2"/>
    </net>
    <net code="19" name="Net-(D3-Pad1)">
      <node ref="T5" pin="G"/>
      <node ref="D3" pin="1"/>
    </net>
    <net code="20" name="Net-(C15-Pad2)">
      <node ref="R30" pin="1"/>
      <node ref="C15" pin="2"/>
      <node ref="R29" pin="2"/>
      <node ref="U2" pin="9"/>
    </net>
    <net code="21" name="Net-(D1-Pad1)">
      <node ref="D1" pin="1"/>
      <node ref="T3" pin="G"/>
    </net>
    <net code="22" name="Net-(D6-Pad2)">
      <node ref="D6" pin="2"/>
      <node ref="R2" pin="1"/>
      <node ref="T1" pin="K"/>
    </net>
    <net code="23" name="Net-(P5-Pad1)">
      <node ref="U1" pin="6"/>
      <node ref="U1" pin="7"/>
      <node ref="U1" pin="1"/>
      <node ref="U1" pin="2"/>
      <node ref="P5" pin="1"/>
    </net>
    <net code="24" name="Net-(C4-Pad2)">
      <node ref="RV3" pin="1"/>
      <node ref="R10" pin="2"/>
      <node ref="U1" pin="5"/>
      <node ref="C4" pin="2"/>
      <node ref="D2" pin="1"/>
      <node ref="R8" pin="1"/>
    </net>
    <net code="25" name="Net-(P4-Pad1)">
      <node ref="U1" pin="8"/>
      <node ref="U1" pin="4"/>
      <node ref="P4" pin="1"/>
      <node ref="R1" pin="2"/>
    </net>
    <net code="26" name="Net-(R16-Pad2)">
      <node ref="RV1" pin="1"/>
      <node ref="R16" pin="2"/>
      <node ref="RV2" pin="1"/>
    </net>
    <net code="27" name="Net-(D1-Pad2)">
      <node ref="R27" pin="2"/>
      <node ref="D1" pin="2"/>
      <node ref="U2" pin="1"/>
    </net>
    <net code="28" name="Net-(C6-Pad1)">
      <node ref="R9" pin="2"/>
      <node ref="C6" pin="1"/>
      <node ref="T4" pin="G"/>
      <node ref="Q2" pin="1"/>
    </net>
    <net code="29" name="Net-(C9-Pad2)">
      <node ref="RV1" pin="2"/>
      <node ref="T2" pin="G"/>
      <node ref="C9" pin="2"/>
    </net>
    <net code="30" name="Net-(Q2-Pad3)">
      <node ref="RV3" pin="2"/>
      <node ref="Q2" pin="3"/>
      <node ref="R8" pin="2"/>
      <node ref="R4" pin="1"/>
    </net>
    <net code="31" name="Net-(D7-Pad2)">
      <node ref="D7" pin="2"/>
      <node ref="T2" pin="K"/>
      <node ref="R3" pin="1"/>
    </net>
    <net code="32" name="Net-(D9-Pad2)">
      <node ref="T3" pin="K"/>
      <node ref="D9" pin="2"/>
      <node ref="R6" pin="1"/>
    </net>
    <net code="33" name="Net-(C10-Pad2)">
      <node ref="R18" pin="1"/>
      <node ref="U2" pin="7"/>
      <node ref="C10" pin="2"/>
      <node ref="R17" pin="2"/>
    </net>
    <net code="34" name="Net-(C12-Pad2)">
      <node ref="R22" pin="2"/>
      <node ref="RV2" pin="2"/>
      <node ref="C12" pin="2"/>
      <node ref="U2" pin="6"/>
    </net>
    <net code="35" name="Net-(D10-Pad2)">
      <node ref="T4" pin="K"/>
      <node ref="R7" pin="1"/>
      <node ref="D10" pin="2"/>
    </net>
    <net code="36" name="Net-(C3-Pad2)">
      <node ref="Q1" pin="3"/>
      <node ref="C3" pin="2"/>
      <node ref="D8" pin="2"/>
    </net>
    <net code="37" name="Net-(C5-Pad2)">
      <node ref="Q1" pin="2"/>
      <node ref="C5" pin="2"/>
      <node ref="U1" pin="3"/>
    </net>
  </nets>
</export>
